Workbook

Sheet Orders
A1: ID | B1: Customer | C1: Region | D1: Quantity | E1: Unit price | F1: Total
A2: ORD-000001 | B2: Customer 2990 | C2: Central | D2: 12 | E2: 877.3 | F2: =D2*E2 -> 10527.6
A3: ORD-000002 | B3: Customer 4575 | C3: North | D3: 11 | E3: 714.53 | F3: =D3*E3 -> 7859.83
A4: ORD-000003 | B4: Customer 31 | C4: Central | D4: 6 | E4: 493.01 | F4: =D4*E4 -> 2958.06
A5: ORD-000004 | B5: Customer 2261 | C5: North | D5: 15 | E5: 36.8 | F5: =D5*E5 -> 552
A6: ORD-000005 | B6: Customer 269 | C6: West | D6: 2 | E6: 344.2 | F6: =D6*E6 -> 688.4
A7: ORD-000006 | B7: Customer 466 | C7: West | D7: 31 | E7: 159.22 | F7: =D7*E7 -> 4935.82
A8: ORD-000007 | B8: Customer 1368 | C8: West | D8: 7 | E8: 215.92 | F8: =D8*E8 -> 1511.44
A9: ORD-000008 | B9: Customer 2451 | C9: Central | D9: 11 | E9: 781.14 | F9: =D9*E9 -> 8592.54
A10: ORD-000009 | B10: Customer 4988 | C10: East | D10: 9 | E10: 360.57 | F10: =D10*E10 -> 3245.13
A11: ORD-000010 | B11: Customer 4983 | C11: Central | D11: 34 | E11: 15.75 | F11: =D11*E11 -> 535.5
A12: ORD-000011 | B12: Customer 1942 | C12: Central | D12: 33 | E12: 285.63 | F12: =D12*E12 -> 9425.79
A13: ORD-000012 | B13: Customer 4524 | C13: Central | D13: 15 | E13: 338.83 | F13: =D13*E13 -> 5082.45
... A1001: ORD-001000 | B1001: Customer 3366 | C1001: Central | D1001: 40 | E1001: 336.05 | F1001: =D1001*E1001 -> 13442

Sheet Summary
A1: Region | B1: Total
A2: North | B2: =SUMIF(Orders!C2:C1001,A2,Orders!F2:F1001) -> 1943043.6
A3: South | B3: =SUMIF(Orders!C2:C1001,A3,Orders!F2:F1001) -> 2033527.1
A4: East | B4: =SUMIF(Orders!C2:C1001,A4,Orders!F2:F1001) -> 1731251.1
A5: West | B5: =SUMIF(Orders!C2:C1001,A5,Orders!F2:F1001) -> 1807067.8
A6: Central | B6: =SUMIF(Orders!C2:C1001,A6,Orders!F2:F1001) -> 1760123.3
